"Post ID","Account ID","Account username","Account name",Description,"Duration (sec)","Publish time",Permalink,"Post type","Data comment",Date,Views,Reach,Likes,Shares,"Profile visits",Replies,Navigation,"Link clicks","Sticker taps",Follows
18105034354736986,17841456723306822,ino_moneycoach,いの🐛お得・ポイント・決済を駆使して月５万円UP✨,,0,"01/01/2026 08:47",https://www.instagram.com/stories/ino_moneycoach/3800593262500257059,"IG story",,Lifetime,3790,2652,6,0,18,0,3306,,,
18391975888148728,17841456723306822,ino_moneycoach,いの🐛お得・ポイント・決済を駆使して月５万円UP✨,"SFC修行中の
いのとぴよたです 引き続き頑張りましょう🫡 やっと2人とも3万PP
超えました😭 いつブロンズになるのか✨

ブロンズと普通会員の違いも確認しないといけないです🫡 いつも、「私もSFC修行中です！」とか、「私もやろうと思います！」など
声をかけてくださる皆様
大変ありがとうございます🙇‍♀️ 毎週土曜日ニュースレターでも
進捗報告や詳細をお伝えしているので興味のある方はぜひぜひ登録をお願いします😊",0,"01/20/2026 21:46",https://www.instagram.com/stories/ino_moneycoach/3814756354062688916,"IG story",,Lifetime,3410,2602,9,0,26,2,2864,25,,
18078632360598927,17841456723306822,ino_moneycoach,いの🐛お得・ポイント・決済を駆使して月５万円UP✨,,0,"01/20/2026 17:53",https://www.instagram.com/stories/ino_moneycoach/3814638784047376472,"IG story",,Lifetime,2553,2141,2,0,6,0,2409,7,,
17901633618199913,17841456723306822,ino_moneycoach,いの🐛お得・ポイント・決済を駆使して月５万円UP✨,,0,"01/20/2026 17:53",https://www.instagram.com/stories/ino_moneycoach/3814638785129541218,"IG story",,Lifetime,2607,2176,1,0,,0,2477,23,,
18053271344430438,17841456723306822,ino_moneycoach,いの🐛お得・ポイント・決済を駆使して月５万円UP✨,,0,"01/20/2026 17:53",https://www.instagram.com/stories/ino_moneycoach/3814638784223536632,"IG story",,Lifetime,2643,2228,3,0,2,0,2505,,,
18075116519071214,17841456723306822,ino_moneycoach,いの🐛お得・ポイント・決済を駆使して月５万円UP✨,,0,"01/20/2026 17:53",https://www.instagram.com/stories/ino_moneycoach/3814638790783452995,"IG story",,Lifetime,2672,2272,2,0,3,0,2536,,,
18078104249249274,17841456723306822,ino_moneycoach,いの🐛お得・ポイント・決済を駆使して月５万円UP✨,,0,"01/20/2026 17:53",https://www.instagram.com/stories/ino_moneycoach/3814638790632453896,"IG story",,Lifetime,2829,2337,3,0,1,0,2642,15,,
18078478157027998,17841456723306822,ino_moneycoach,いの🐛お得・ポイント・決済を駆使して月５万円UP✨,"今なら15,000P",0,"01/20/2026 17:53",https://www.instagram.com/stories/ino_moneycoach/3814638783946704624,"IG story",,Lifetime,3104,2408,3,0,4,0,2885,5,,
18373505965085806,17841456723306822,ino_moneycoach,いの🐛お得・ポイント・決済を駆使して月５万円UP✨,"※❼もやる人は
15,000P",0,"01/20/2026 17:53",https://www.instagram.com/stories/ino_moneycoach/3814638785775452114,"IG story",,Lifetime,3269,2492,4,1,1,0,2814,,,
18108736315592445,17841456723306822,ino_moneycoach,いの🐛お得・ポイント・決済を駆使して月５万円UP✨,,0,"01/20/2026 17:53",https://www.instagram.com/stories/ino_moneycoach/3814638790405940712,"IG story",,Lifetime,3319,2609,3,0,17,0,3002,,,
18035769776747433,17841456723306822,ino_moneycoach,いの🐛お得・ポイント・決済を駆使して月５万円UP✨,"ぜひフォローして
お待ちください🙇‍♀️",5,"01/20/2026 15:12",https://www.instagram.com/stories/ino_moneycoach/3814557623040237758,"IG story",,Lifetime,3735,2774,7,0,36,2,2960,,,
18102367330749668,17841456723306822,ino_moneycoach,いの🐛お得・ポイント・決済を駆使して月５万円UP✨,"詳しくは
ハイライトへ💪",0,"01/20/2026 06:10",https://www.instagram.com/stories/ino_moneycoach/3814285158393245087,"IG story",,Lifetime,3854,2759,4,1,51,0,3007,,,1
18151650802442028,17841456723306822,ino_moneycoach,いの🐛お得・ポイント・決済を駆使して月５万円UP✨,,0,"01/19/2026 21:08",https://www.instagram.com/stories/ino_moneycoach/3814012375868292538,"IG story",,Lifetime,2243,1842,4,0,12,0,2010,36,,
18063311228293290,17841456723306822,ino_moneycoach,いの🐛お得・ポイント・決済を駆使して月５万円UP✨,"無印やローソン、
ミニストップ
などなど",0,"01/19/2026 21:08",https://www.instagram.com/stories/ino_moneycoach/3814012378066084145,"IG story",,Lifetime,2152,1857,3,0,4,0,2015,12,,
17993164364885837,17841456723306822,ino_moneycoach,いの🐛お得・ポイント・決済を駆使して月５万円UP✨,"前のページのリンクと
同じです🫡",0,"01/19/2026 21:08",https://www.instagram.com/stories/ino_moneycoach/3814012375012654197,"IG story",,Lifetime,2175,1910,3,0,2,0,2056,,,
18055605470677772,17841456723306822,ino_moneycoach,いの🐛お得・ポイント・決済を駆使して月５万円UP✨,"👇からダウンロードしてね✨✨ 500円 ダウンロード＋
招待コード入力で",0,"01/19/2026 21:08",https://www.instagram.com/stories/ino_moneycoach/3814012382855976069,"IG story",,Lifetime,2283,1955,3,0,6,0,2142,15,,
17863905405561988,17841456723306822,ino_moneycoach,いの🐛お得・ポイント・決済を駆使して月５万円UP✨,"ダウンロード+
招待コード入力で 500円",0,"01/19/2026 21:08",https://www.instagram.com/stories/ino_moneycoach/3814012379760602116,"IG story",,Lifetime,2434,2020,3,0,2,0,2227,,,
17977035737976447,17841456723306822,ino_moneycoach,いの🐛お得・ポイント・決済を駆使して月５万円UP✨,,0,"01/19/2026 21:08",https://www.instagram.com/stories/ino_moneycoach/3814012378712038130,"IG story",,Lifetime,2553,2138,4,0,11,0,2321,,,
18020758922799711,17841456723306822,ino_moneycoach,いの🐛お得・ポイント・決済を駆使して月５万円UP✨,"遠目から見ると
たしかに富士山っぽいというのがわかります😂 SFC修行中の
いのとぴよたです

たまに見える富士山🗻
いつも真ん中の席なので
写真撮れませんが

ボヤけて撮れました😂 富士山見に行きたいなぁ🧐",5,"01/19/2026 17:18",https://www.instagram.com/stories/ino_moneycoach/3813896698834638781,"IG story",,Lifetime,2836,2328,10,0,34,2,2289,,,1
17957417604028755,17841456723306822,ino_moneycoach,いの🐛お得・ポイント・決済を駆使して月５万円UP✨,"今日のリールは人気の
プライオリティパスの最新カード情報を作ったよ✨ 年会費の改定も増えてきたね😭またアップデートがあればお知らせします😭",6,"01/19/2026 04:51",https://www.instagram.com/stories/ino_moneycoach/3813520306926189401,"IG story",,Lifetime,2837,2170,6,0,54,0,2339,,,1
18066685094629683,17841456723306822,ino_moneycoach,いの🐛お得・ポイント・決済を駆使して月５万円UP✨,②,0,"01/18/2026 23:44",https://www.instagram.com/stories/ino_moneycoach/3813365986813442023,"IG story",,Lifetime,2906,2376,5,0,5,0,2619,27,,
18105450655781379,17841456723306822,ino_moneycoach,いの🐛お得・ポイント・決済を駆使して月５万円UP✨,①,0,"01/18/2026 23:44",https://www.instagram.com/stories/ino_moneycoach/3813365988608578769,"IG story",,Lifetime,3166,2457,4,0,4,0,2866,6,,2
18117433996596124,17841456723306822,ino_moneycoach,いの🐛お得・ポイント・決済を駆使して月５万円UP✨,,0,"01/18/2026 23:44",https://www.instagram.com/stories/ino_moneycoach/3813365986838591213,"IG story",,Lifetime,3521,2623,8,0,25,0,2980,,,
18051690137458925,17841456723306822,ino_moneycoach,いの🐛お得・ポイント・決済を駆使して月５万円UP✨,"たまには
去年修行したIHGホテルの
威力を発揮させるために
ラウンジ付きのホテルに
泊まっています🙇‍♀️ SFC修行中のいのとぴよたは石垣のANAインターコンチネンタルにも
泊まりました🫡 このホテルのラウンジも
良かったです🫡
普段ラウンジでの朝食は
食べないけれどここのラウンジは朝食が美味しい😋",0,"01/18/2026 18:53",https://www.instagram.com/stories/ino_moneycoach/3813219430424566695,"IG story",,Lifetime,3821,2871,17,0,19,0,3249,,,
18122557546490017,17841456723306822,ino_moneycoach,いの🐛お得・ポイント・決済を駆使して月５万円UP✨,,0,"01/18/2026 16:07",https://www.instagram.com/stories/ino_moneycoach/3813135915313935454,"IG story",,Lifetime,4064,3240,9,0,48,2,3438,,,1
18091717610501546,17841456723306822,ino_moneycoach,いの🐛お得・ポイント・決済を駆使して月５万円UP✨,,0,"01/17/2026 19:56",https://www.instagram.com/stories/ino_moneycoach/3812526464185849588,"IG story",,Lifetime,3177,2369,4,0,11,1,2901,,,
18089699702068147,17841456723306822,ino_moneycoach,いの🐛お得・ポイント・決済を駆使して月５万円UP✨,,0,"01/17/2026 19:56",https://www.instagram.com/stories/ino_moneycoach/3812526454949947093,"IG story",,Lifetime,3328,2434,2,0,5,0,2980,,,
18112769413617649,17841456723306822,ino_moneycoach,いの🐛お得・ポイント・決済を駆使して月５万円UP✨,,0,"01/17/2026 19:56",https://www.instagram.com/stories/ino_moneycoach/3812526453188372867,"IG story",,Lifetime,3411,2542,5,0,8,0,2887,,,
18202491724323009,17841456723306822,ino_moneycoach,いの🐛お得・ポイント・決済を駆使して月５万円UP✨,"Vポイントなら
その他のマイルにも
できる✨ このルートに必要な👆みずほマイレージクラブカードは1/21までの発行必須 話は変わりますが
今日もいのとぴよたはSFC修行です🧘‍♀️ぴよたは喉が痛い😭",0,"01/17/2026 16:29",https://www.instagram.com/stories/ino_moneycoach/3812422477583361556,"IG story",,Lifetime,2833,2141,7,0,1,0,2498,13,,
18091495138966773,17841456723306822,ino_moneycoach,いの🐛お得・ポイント・決済を駆使して月５万円UP✨,,0,"01/17/2026 16:29",https://www.instagram.com/stories/ino_moneycoach/3812422474857077751,"IG story",,Lifetime,2747,2164,1,0,1,0,2547,,,
18089306762008921,17841456723306822,ino_moneycoach,いの🐛お得・ポイント・決済を駆使して月５万円UP✨,,0,"01/17/2026 16:29",https://www.instagram.com/stories/ino_moneycoach/3812422475846953706,"IG story",,Lifetime,2831,2213,5,0,3,0,2635,,,
17913863070270195,17841456723306822,ino_moneycoach,いの🐛お得・ポイント・決済を駆使して月５万円UP✨,,0,"01/17/2026 16:29",https://www.instagram.com/stories/ino_moneycoach/3812422473523268697,"IG story",,Lifetime,2907,2294,4,0,7,0,2709,,,
17986187390936816,17841456723306822,ino_moneycoach,いの🐛お得・ポイント・決済を駆使して月５万円UP✨,,0,"01/17/2026 16:29",https://www.instagram.com/stories/ino_moneycoach/3812422474194408284,"IG story",,Lifetime,3070,2454,4,0,12,0,2717,16,,
17895991005242163,17841456723306822,ino_moneycoach,いの🐛お得・ポイント・決済を駆使して月５万円UP✨,"昨日のnoteを
読んでくださった皆様
ご購入くださった皆様
大変ありがとうございます🙇‍♀️

何か質問等ありましたら
いつでもご連絡ください🙇‍♀️ 皆様のフリーステイギフトの旅が特別なものに
なりますように😊",0,"01/17/2026 14:48",https://www.instagram.com/stories/ino_moneycoach/3812371192318508348,"IG story",,Lifetime,3235,2577,10,0,29,0,2808,,,1
17872245609414735,17841456723306822,ino_moneycoach,いの🐛お得・ポイント・決済を駆使して月５万円UP✨,"いのは今から羽田に帰ります😂 本日まだ修行中🧘‍♀️ アメックス持ってる人必見🥹今日の投稿はアメックスの
質問の多いシリーズ第三弾💪 ぜひチェックしてみてね😆",15,"01/17/2026 03:38",https://www.instagram.com/stories/ino_moneycoach/3812034173230827444,"IG story",,Lifetime,3513,2491,10,0,19,1,3063,,,
17856641526547215,17841456723306822,ino_moneycoach,いの🐛お得・ポイント・決済を駆使して月５万円UP✨,,7,"01/17/2026 03:08",https://www.instagram.com/stories/ino_moneycoach/3812019165507805839,"IG story",,Lifetime,3706,2689,10,1,9,2,3072,175,,1
17991884294913124,17841456723306822,ino_moneycoach,いの🐛お得・ポイント・決済を駆使して月５万円UP✨,,0,"01/17/2026 03:08",https://www.instagram.com/stories/ino_moneycoach/3812019151314237562,"IG story",,Lifetime,3695,2888,4,0,17,2,3085,,,2
17998181579896763,17841456723306822,ino_moneycoach,いの🐛お得・ポイント・決済を駆使して月５万円UP✨,"また本日も✈️で
SFC修行です🧘‍♀️ ようやく👇ここまで貯まりました🫡 引き続き頑張ります🫡 今日の記事と
ニュースレターと
投稿

ちょっと遅くなるかも知れません🙇‍♀️",0,"01/16/2026 20:24",https://www.instagram.com/stories/ino_moneycoach/3811816037655136665,"IG story",,Lifetime,3930,3006,8,0,28,3,3406,,,2
18087509888025857,17841456723306822,ino_moneycoach,いの🐛お得・ポイント・決済を駆使して月５万円UP✨,,5,"01/16/2026 14:56",https://www.instagram.com/stories/ino_moneycoach/3811650567757080058,"IG story",,Lifetime,4032,3028,5,0,49,1,3274,,,1
18065061023242245,17841456723306822,ino_moneycoach,いの🐛お得・ポイント・決済を駆使して月５万円UP✨,数字は変わるかもしれませんが,0,"01/16/2026 01:15",https://www.instagram.com/stories/ino_moneycoach/3811237461167862176,"IG story",,Lifetime,3276,2470,8,0,18,3,2808,,,
17977306832807804,17841456723306822,ino_moneycoach,いの🐛お得・ポイント・決済を駆使して月５万円UP✨,"HoteLuxについては
この投稿で解説しています🫡",15,"01/15/2026 20:18",https://www.instagram.com/stories/ino_moneycoach/3811087850780365301,"IG story",,Lifetime,3043,2193,8,0,13,0,2444,,,
17972464352829599,17841456723306822,ino_moneycoach,いの🐛お得・ポイント・決済を駆使して月５万円UP✨,"初年度クレカの年会費無料
キャンペーンやっています🥰",0,"01/15/2026 17:31",https://www.instagram.com/stories/ino_moneycoach/3811003841765339592,"IG story",,Lifetime,2832,2096,4,0,10,0,2240,15,,
17856500349545983,17841456723306822,ino_moneycoach,いの🐛お得・ポイント・決済を駆使して月５万円UP✨,,5,"01/15/2026 17:31",https://www.instagram.com/stories/ino_moneycoach/3811003813822870120,"IG story",,Lifetime,2698,2127,4,0,2,0,2228,,,
17973850517984541,17841456723306822,ino_moneycoach,いの🐛お得・ポイント・決済を駆使して月５万円UP✨,,5,"01/15/2026 17:31",https://www.instagram.com/stories/ino_moneycoach/3811003864758510663,"IG story",,Lifetime,2837,2196,4,0,2,0,2328,,,
18081513506466598,17841456723306822,ino_moneycoach,いの🐛お得・ポイント・決済を駆使して月５万円UP✨,,5,"01/15/2026 17:31",https://www.instagram.com/stories/ino_moneycoach/3811003843476645258,"IG story",,Lifetime,3026,2291,7,0,5,1,2395,,,
17902391658194065,17841456723306822,ino_moneycoach,いの🐛お得・ポイント・決済を駆使して月５万円UP✨,,0,"01/15/2026 17:31",https://www.instagram.com/stories/ino_moneycoach/3811003842386131069,"IG story",,Lifetime,3223,2454,3,0,9,0,2571,,,
17903239842349778,17841456723306822,ino_moneycoach,いの🐛お得・ポイント・決済を駆使して月５万円UP✨,"今日のリールは
ハイステータスなカードってどんなのがある？ 気になるカードがあれば
ぜひ教えてね😊",6,"01/15/2026 04:25",https://www.instagram.com/stories/ino_moneycoach/3810608390570389741,"IG story",,Lifetime,3296,2556,3,0,27,0,2862,,,
18552762361021887,17841456723306822,ino_moneycoach,いの🐛お得・ポイント・決済を駆使して月５万円UP✨,"いのは間違えて自分の
便じゃないのに行ってしまった😅",0,"01/14/2026 18:53",https://www.instagram.com/stories/ino_moneycoach/3810320337624809637,"IG story",,Lifetime,5099,3678,14,0,15,1,3896,,,
18099197035852525,17841456723306822,ino_moneycoach,いの🐛お得・ポイント・決済を駆使して月５万円UP✨,"去年の7月の投稿です🫡
日本にいても外貨決済をする人は手数料取られるので
どんな支払いがお得か
チェックしてみてね🫡",15,"01/14/2026 14:34",https://www.instagram.com/stories/ino_moneycoach/3810190132956604911,"IG story",,Lifetime,5132,3667,11,0,21,0,4276,,,
18074745422525603,17841456723306822,ino_moneycoach,いの🐛お得・ポイント・決済を駆使して月５万円UP✨,,0,"01/14/2026 14:31",https://www.instagram.com/stories/ino_moneycoach/3810188530715687340,"IG story",,Lifetime,4954,3941,9,0,9,1,4340,,,
18007420568830269,17841456723306822,ino_moneycoach,いの🐛お得・ポイント・決済を駆使して月５万円UP✨,"ANAはインターネットが
使えるので本当に
ありがたい😭😭😭 昨日は6時から22時くらいまで
4回飛行機に乗りました😂

一昨日は飛行機が
2時間遅延しました😂

毎日色々ありますが頑張りまふ🥹 SFC修行しながら
DMに返信していましたが
最近多くのメッセージをいただくので返信が間に合っておらず😢

申し訳ありません🙇‍♀️🙇‍♀️🙏

自分にあうクレカはどれですか？
という質問も多いね🧐",0,"01/14/2026 08:20",https://www.instagram.com/stories/ino_moneycoach/3810001963317356090,"IG story",,Lifetime,5723,4399,14,0,45,3,4432,,,1
17961203727043848,17841456723306822,ino_moneycoach,いの🐛お得・ポイント・決済を駆使して月５万円UP✨,,0,"01/13/2026 17:13",https://www.instagram.com/stories/ino_moneycoach/3809545478414157581,"IG story",,Lifetime,4369,3370,9,0,21,2,3551,,,
18089927375475033,17841456723306822,ino_moneycoach,いの🐛お得・ポイント・決済を駆使して月５万円UP✨,"みなさま
おはようございます🌞
体調はなんとか
大丈夫です🙇‍♀️

たくさんのメッセージ
ありがとうございます🙇‍♀️🙇‍♀️🙏",0,"01/13/2026 13:16",https://www.instagram.com/stories/ino_moneycoach/3809426041715547853,"IG story",,Lifetime,3745,3131,7,0,19,0,3310,,,1
18106560094737544,17841456723306822,ino_moneycoach,いの🐛お得・ポイント・決済を駆使して月５万円UP✨,"SFC修行のやりすぎで
いの、体調怪しい😂😂

本日、もんのすごい飛行機遅れてしまったから帰ったらすぐ寝ます😂 沖縄の海に青い
熱帯魚を発見🐠💡
沖縄は1ヶ月くらい滞在してみたい🤩🤩 👆青い珊瑚も🪸",5,"01/13/2026 02:39",https://www.instagram.com/stories/ino_moneycoach/3809105263753074278,"IG story",,Lifetime,3213,2418,5,0,24,0,2488,,,
18072742769579602,17841456723306822,ino_moneycoach,いの🐛お得・ポイント・決済を駆使して月５万円UP✨,"最近のクレカの入会
キャンペーンをまとめたよ🫡 よく、今どんなキャンペーンがありますかと聞かれるので、
気になっている人はぜひチェックしてね😊",15,"01/13/2026 01:56",https://www.instagram.com/stories/ino_moneycoach/3809083736043198325,"IG story",,Lifetime,3277,2405,10,0,34,0,2753,,,
17903904351343027,17841456723306822,ino_moneycoach,いの🐛お得・ポイント・決済を駆使して月５万円UP✨,"ヒルトンの会員制度に
新しいランクが誕生✨他のランクに何か影響ある？ カードをキャンペーンで発行予定の人はぜひチェックしてね😊",15,"01/12/2026 16:16",https://www.instagram.com/stories/ino_moneycoach/3808791778913553669,"IG story",,Lifetime,3961,2851,9,0,24,0,3485,,,
17921794194218733,17841456723306822,ino_moneycoach,いの🐛お得・ポイント・決済を駆使して月５万円UP✨,,0,"01/12/2026 16:14",https://www.instagram.com/stories/ino_moneycoach/3808790715170980045,"IG story",,Lifetime,4265,3324,7,0,37,6,3502,,,1
17872869855482512,17841456723306822,ino_moneycoach,いの🐛お得・ポイント・決済を駆使して月５万円UP✨,,0,"01/11/2026 17:15",https://www.instagram.com/stories/ino_moneycoach/3808096943969817465,"IG story",,Lifetime,6315,4332,12,0,24,5,5137,,,
17925790296054603,17841456723306822,ino_moneycoach,いの🐛お得・ポイント・決済を駆使して月５万円UP✨,"5回ポイントカード提示して1%
還元狙うか問題🥹🥹",0,"01/11/2026 15:45",https://www.instagram.com/stories/ino_moneycoach/3808051531032432994,"IG story",,Lifetime,5781,4505,4,1,12,0,4834,,,
18076271237598330,17841456723306822,ino_moneycoach,いの🐛お得・ポイント・決済を駆使して月５万円UP✨,"本日も
帰ってきました🫡
ピカチュウジェット
みました🥰 流石に疲れました",17,"01/11/2026 07:22",https://www.instagram.com/stories/ino_moneycoach/3807798157179501885,"IG story",,Lifetime,5019,4188,15,0,17,0,4644,,,
18088434653287106,17841456723306822,ino_moneycoach,いの🐛お得・ポイント・決済を駆使して月５万円UP✨,"お天気悪くなってますね😭 さて無事修行終わるか💦 天候不良で

元の空港へ引き返す便が

出てきそう🫢🫢🫢 今日はANAだけど
ソラシドに乗りました🫡🫡 SCF修行は",0,"01/11/2026 03:22",https://www.instagram.com/stories/ino_moneycoach/3807677461199774391,"IG story",,Lifetime,3429,2619,7,0,13,0,3005,,,
17992288004744772,17841456723306822,ino_moneycoach,いの🐛お得・ポイント・決済を駆使して月５万円UP✨,"去年行ったベトナムと
ヨーロッパ旅行は
ANAマイルで行きました✨ なかなか動画にできてなかったので、動画にしてみました🥹 動画は本当に難しいな😂",26,"01/11/2026 02:53",https://www.instagram.com/stories/ino_moneycoach/3807663661075549370,"IG story",,Lifetime,3538,2645,6,0,36,1,3226,,,1
17970849005995627,17841456723306822,ino_moneycoach,いの🐛お得・ポイント・決済を駆使して月５万円UP✨,,0,"01/10/2026 17:26",https://www.instagram.com/stories/ino_moneycoach/3807377472422596210,"IG story",,Lifetime,3865,2784,5,0,16,114,3441,,,
18087896633078097,17841456723306822,ino_moneycoach,いの🐛お得・ポイント・決済を駆使して月５万円UP✨,,0,"01/10/2026 17:26",https://www.instagram.com/stories/ino_moneycoach/3807377453053306063,"IG story",,Lifetime,3854,2917,7,0,2,0,3493,,,
18012303086815325,17841456723306822,ino_moneycoach,いの🐛お得・ポイント・決済を駆使して月５万円UP✨,,0,"01/10/2026 17:26",https://www.instagram.com/stories/ino_moneycoach/3807377453388837503,"IG story",,Lifetime,4296,3122,6,0,9,0,3740,,,
17995244774902622,17841456723306822,ino_moneycoach,いの🐛お得・ポイント・決済を駆使して月５万円UP✨,"那覇空港には
免税店があるね✨",0,"01/10/2026 12:23",https://www.instagram.com/stories/ino_moneycoach/3807224891301913879,"IG story",,Lifetime,4615,3329,12,0,30,5,3648,,,
17846085591639030,17841456723306822,ino_moneycoach,いの🐛お得・ポイント・決済を駆使して月５万円UP✨,"プライオリティパスについての人気投稿はこちらです💁‍♀️ 旅のお供に
プライオリティパスが
あると助かることも多い😊",15,"01/09/2026 22:50",https://www.instagram.com/stories/ino_moneycoach/3806815754403376809,"IG story",,Lifetime,3393,2504,9,0,16,0,2999,,,
18031819013572058,17841456723306822,ino_moneycoach,いの🐛お得・ポイント・決済を駆使して月５万円UP✨,今日は,0,"01/09/2026 22:47",https://www.instagram.com/stories/ino_moneycoach/3806814250007168088,"IG story",,Lifetime,3443,2685,9,0,13,1,2983,,,1
18117945427602763,17841456723306822,ino_moneycoach,いの🐛お得・ポイント・決済を駆使して月５万円UP✨,✉️は毎週土曜日,0,"01/09/2026 16:01",https://www.instagram.com/stories/ino_moneycoach/3806609823681916202,"IG story",,Lifetime,3323,2424,10,0,11,0,2881,55,,
17847952359662402,17841456723306822,ino_moneycoach,いの🐛お得・ポイント・決済を駆使して月５万円UP✨,,0,"01/09/2026 16:01",https://www.instagram.com/stories/ino_moneycoach/3806609822809483510,"IG story",,Lifetime,3390,2577,8,0,10,0,2960,,,1
18100897192827035,17841456723306822,ino_moneycoach,いの🐛お得・ポイント・決済を駆使して月５万円UP✨,"いつも超有益情報をありがとうございます🙇‍♀️🙏🫡 さて、JAL、ANA
どっちにしよか😂",0,"01/09/2026 14:46",https://www.instagram.com/stories/ino_moneycoach/3806572434414628743,"IG story",,Lifetime,3588,2696,6,0,14,0,2902,,169,
18085868765321268,17841456723306822,ino_moneycoach,いの🐛お得・ポイント・決済を駆使して月５万円UP✨,"いつもよく聞かれる
JALカードとANAカード
どちらが良いですか？？ どっちのカードが自分に合いそうか、少しでもお役に立てると嬉しいです🙇‍♀️ 最近毎日のように質問を
いただくので投稿に
してみました✨",15,"01/09/2026 04:02",https://www.instagram.com/stories/ino_moneycoach/3806248014730891174,"IG story",,Lifetime,2945,2149,4,0,36,1,2570,,,
18087907625237724,17841456723306822,ino_moneycoach,いの🐛お得・ポイント・決済を駆使して月５万円UP✨,,0,"01/08/2026 21:55",https://www.instagram.com/stories/ino_moneycoach/3806063273884966254,"IG story",,Lifetime,3118,2467,3,0,9,0,2401,13,,
18067570697390511,17841456723306822,ino_moneycoach,いの🐛お得・ポイント・決済を駆使して月５万円UP✨,,0,"01/08/2026 21:55",https://www.instagram.com/stories/ino_moneycoach/3806063271745863071,"IG story",,Lifetime,3179,2497,3,0,2,0,2530,,,
18118360414583681,17841456723306822,ino_moneycoach,いの🐛お得・ポイント・決済を駆使して月５万円UP✨,片道の必要マイル数,0,"01/08/2026 21:55",https://www.instagram.com/stories/ino_moneycoach/3806063269598341735,"IG story",,Lifetime,3301,2559,3,0,1,1,2563,,,
18299344087278584,17841456723306822,ino_moneycoach,いの🐛お得・ポイント・決済を駆使して月５万円UP✨,,0,"01/08/2026 21:55",https://www.instagram.com/stories/ino_moneycoach/3806063272702142878,"IG story",,Lifetime,3376,2648,4,0,5,2,2578,23,,
18095592547905405,17841456723306822,ino_moneycoach,いの🐛お得・ポイント・決済を駆使して月５万円UP✨,,0,"01/08/2026 21:55",https://www.instagram.com/stories/ino_moneycoach/3806063269724195471,"IG story",,Lifetime,3491,2734,4,0,7,0,2677,,,
17848080465657700,17841456723306822,ino_moneycoach,いの🐛お得・ポイント・決済を駆使して月５万円UP✨,,0,"01/08/2026 21:55",https://www.instagram.com/stories/ino_moneycoach/3806063271049588866,"IG story",,Lifetime,3787,2892,5,0,8,0,2774,,,
18015497960638858,17841456723306822,ino_moneycoach,いの🐛お得・ポイント・決済を駆使して月５万円UP✨,,0,"01/08/2026 20:56",https://www.instagram.com/stories/ino_moneycoach/3806033747503137280,"IG story",,Lifetime,3341,2577,6,0,26,0,3001,,,1
18071519660119570,17841456723306822,ino_moneycoach,いの🐛お得・ポイント・決済を駆使して月５万円UP✨,,0,"01/08/2026 15:43",https://www.instagram.com/stories/ino_moneycoach/3805876074128228515,"IG story",,Lifetime,4274,2827,4,0,10,3,3726,,,
18088577693291142,17841456723306822,ino_moneycoach,いの🐛お得・ポイント・決済を駆使して月５万円UP✨,,0,"01/08/2026 15:43",https://www.instagram.com/stories/ino_moneycoach/3805876073641687687,"IG story",,Lifetime,4612,3269,6,1,32,1,3693,,,2
18154828942422616,17841456723306822,ino_moneycoach,いの🐛お得・ポイント・決済を駆使して月５万円UP✨,,0,"01/07/2026 22:36",https://www.instagram.com/stories/ino_moneycoach/3805359319282773999,"IG story",,Lifetime,3645,2921,11,0,45,2,3349,,,
18556906855004435,17841456723306822,ino_moneycoach,いの🐛お得・ポイント・決済を駆使して月５万円UP✨,,0,"01/07/2026 22:36",https://www.instagram.com/stories/ino_moneycoach/3805359319870003599,"IG story",,Lifetime,3830,2980,5,0,2,0,3457,,,
17911343553277177,17841456723306822,ino_moneycoach,いの🐛お得・ポイント・決済を駆使して月５万円UP✨,,0,"01/07/2026 22:36",https://www.instagram.com/stories/ino_moneycoach/3805359316229345712,"IG story",,Lifetime,4027,3094,8,0,13,0,3407,,,
18091241885311409,17841456723306822,ino_moneycoach,いの🐛お得・ポイント・決済を駆使して月５万円UP✨,間違えて違うカード作る人もいるので気をつけてね,0,"01/07/2026 17:09",https://www.instagram.com/stories/ino_moneycoach/3805194497824060994,"IG story",,Lifetime,4314,3255,5,0,11,1,3173,21,,
17993199689860344,17841456723306822,ino_moneycoach,いの🐛お得・ポイント・決済を駆使して月５万円UP✨,モッピーで👇を探して申し込んでね,0,"01/07/2026 17:09",https://www.instagram.com/stories/ino_moneycoach/3805194493017376282,"IG story",,Lifetime,4351,3350,5,0,,0,3401,1,,
18055810442689282,17841456723306822,ino_moneycoach,いの🐛お得・ポイント・決済を駆使して月５万円UP✨,,0,"01/07/2026 17:09",https://www.instagram.com/stories/ino_moneycoach/3805194496305722777,"IG story",,Lifetime,4791,3439,4,0,4,0,3662,,,1
18124674100531562,17841456723306822,ino_moneycoach,いの🐛お得・ポイント・決済を駆使して月５万円UP✨,,0,"01/07/2026 17:09",https://www.instagram.com/stories/ino_moneycoach/3805194493076063185,"IG story",,Lifetime,5208,3583,6,0,3,0,3803,,,
17962396680008987,17841456723306822,ino_moneycoach,いの🐛お得・ポイント・決済を駆使して月５万円UP✨,,0,"01/07/2026 17:09",https://www.instagram.com/stories/ino_moneycoach/3805194491876495856,"IG story",,Lifetime,5705,4025,5,0,35,0,3899,,,2
18028573109786511,17841456723306822,ino_moneycoach,いの🐛お得・ポイント・決済を駆使して月５万円UP✨,"燃油サーチャージが高くなる
前に予約できる人は予約するのが良いね✨
 ハワイに行くなら
どの航空会社が良い？？
（2-3月で調べたよ）",8,"01/07/2026 03:26",https://www.instagram.com/stories/ino_moneycoach/3804780894939654092,"IG story",,Lifetime,3345,2434,8,0,40,1,2721,,,1
18099612337872012,17841456723306822,ino_moneycoach,いの🐛お得・ポイント・決済を駆使して月５万円UP✨,,42,"01/06/2026 21:37",https://www.instagram.com/stories/ino_moneycoach/3804607260627452811,"IG story",,Lifetime,2752,2285,9,0,10,0,2623,,,
17877523995376128,17841456723306822,ino_moneycoach,いの🐛お得・ポイント・決済を駆使して月５万円UP✨,,0,"01/06/2026 21:37",https://www.instagram.com/stories/ino_moneycoach/3804604843223565808,"IG story",,Lifetime,3037,2369,4,0,4,0,2846,,,
17869352112524407,17841456723306822,ino_moneycoach,いの🐛お得・ポイント・決済を駆使して月５万円UP✨,現在SFC修行中🧘‍♀️,0,"01/06/2026 21:37",https://www.instagram.com/stories/ino_moneycoach/3804604839381567522,"IG story",,Lifetime,3330,2531,6,0,13,1,2794,,,1
18072674693102014,17841456723306822,ino_moneycoach,いの🐛お得・ポイント・決済を駆使して月５万円UP✨,"行く場所によって
搭乗期間も違うので
旅行を予定している人は
要チェック✨ フォロワーさんからANAも
始まりましたねとご連絡いただきました🙇‍♀️",0,"01/06/2026 17:55",https://www.instagram.com/stories/ino_moneycoach/3804492810117329292,"IG story",,Lifetime,3214,2434,4,0,14,0,2702,,,
18082843817128465,17841456723306822,ino_moneycoach,いの🐛お得・ポイント・決済を駆使して月５万円UP✨,"JALの新春セール
始まったよ✨ みんなが狙ってる路線は早くなくなるから計画していた人はなるべく早くチェックしてね✨ 他にもたくさん
あるよ〜😊",0,"01/06/2026 14:22",https://www.instagram.com/stories/ino_moneycoach/3804386020520333077,"IG story",,Lifetime,3549,2812,6,0,33,1,2950,,,2
17954425923049888,17841456723306822,ino_moneycoach,いの🐛お得・ポイント・決済を駆使して月５万円UP✨,,0,"01/05/2026 16:45",https://www.instagram.com/stories/ino_moneycoach/3803732780724181264,"IG story",,Lifetime,3075,2477,4,0,11,1,2737,,,
18071914931571047,17841456723306822,ino_moneycoach,いの🐛お得・ポイント・決済を駆使して月５万円UP✨,,0,"01/05/2026 15:52",https://www.instagram.com/stories/ino_moneycoach/3803706529296847114,"IG story",,Lifetime,2759,2429,5,0,6,0,2586,4,,1
18072970457093402,17841456723306822,ino_moneycoach,いの🐛お得・ポイント・決済を駆使して月５万円UP✨,,0,"01/05/2026 15:51",https://www.instagram.com/stories/ino_moneycoach/3803705819494786240,"IG story",,Lifetime,3027,2522,4,0,2,0,2808,7,,
17963852472008996,17841456723306822,ino_moneycoach,いの🐛お得・ポイント・決済を駆使して月５万円UP✨,,0,"01/05/2026 15:51",https://www.instagram.com/stories/ino_moneycoach/3803705821298313363,"IG story",,Lifetime,3562,2665,5,0,5,0,3180,,,
18091992530486670,17841456723306822,ino_moneycoach,いの🐛お得・ポイント・決済を駆使して月５万円UP✨,,0,"01/05/2026 15:51",https://www.instagram.com/stories/ino_moneycoach/3803705820610463272,"IG story",,Lifetime,4028,2959,7,0,18,1,3256,,,
18036672836531187,17841456723306822,ino_moneycoach,いの🐛お得・ポイント・決済を駆使して月５万円UP✨,"2026年最新版
JALマイルを貯める
ルートを投稿にしました🫡 JALマイルは貯めにくい
という声をよくお聞きする
ので今日は いつもメッセージや応援
ありがとうございます😊",15,"01/05/2026 03:17",https://www.instagram.com/stories/ino_moneycoach/3803326538818186665,"IG story",,Lifetime,3894,2726,10,0,39,1,3294,,,
17917091241250149,17841456723306822,ino_moneycoach,いの🐛お得・ポイント・決済を駆使して月５万円UP✨,,0,"01/04/2026 19:56",https://www.instagram.com/stories/ino_moneycoach/3803104710375931184,"IG story",,Lifetime,5055,3732,8,0,17,0,3987,,,
18540719722006138,17841456723306822,ino_moneycoach,いの🐛お得・ポイント・決済を駆使して月５万円UP✨,"今週で運航終了の
スターウォーズが
いた〜🤩🤩🤩🤩",5,"01/04/2026 15:39",https://www.instagram.com/stories/ino_moneycoach/3802975023947464069,"IG story",,Lifetime,4862,3808,14,0,12,1,4233,,,
18084926207142524,17841456723306822,ino_moneycoach,いの🐛お得・ポイント・決済を駆使して月５万円UP✨,,0,"01/04/2026 13:26",https://www.instagram.com/stories/ino_moneycoach/3802908128338723598,"IG story",,Lifetime,5544,4150,13,0,41,7,4334,,,2
17995397492858695,17841456723306822,ino_moneycoach,いの🐛お得・ポイント・決済を駆使して月５万円UP✨,,0,"01/03/2026 19:10",https://www.instagram.com/stories/ino_moneycoach/3802356382210086891,"IG story",,Lifetime,4351,3391,11,0,22,1,3682,,,
17893195044389755,17841456723306822,ino_moneycoach,いの🐛お得・ポイント・決済を駆使して月５万円UP✨,,0,"01/03/2026 15:16",https://www.instagram.com/stories/ino_moneycoach/3802238886501152549,"IG story",,Lifetime,4304,3150,4,0,9,0,3817,,,
17871340824500344,17841456723306822,ino_moneycoach,いの🐛お得・ポイント・決済を駆使して月５万円UP✨,シェラトンワイキキビーチリゾート,0,"01/03/2026 15:16",https://www.instagram.com/stories/ino_moneycoach/3802238888279527625,"IG story",,Lifetime,4595,3397,3,0,24,0,3895,,,
18008215454828979,17841456723306822,ino_moneycoach,いの🐛お得・ポイント・決済を駆使して月５万円UP✨,,0,"01/03/2026 05:02",https://www.instagram.com/stories/ino_moneycoach/3801929818171413156,"IG story",,Lifetime,3181,2652,6,0,18,0,2960,,,
17905907634164219,17841456723306822,ino_moneycoach,いの🐛お得・ポイント・決済を駆使して月５万円UP✨,"今日は、アメックスのポイントからマイルへ移行する時にどれくらいの日数がかかるかを表にしたよ✨ 最長15日かかる
マイルもあるって知ってた？
次の旅行で困らないように
保存していつでも
見返せるようにしてね✨",16,"01/03/2026 04:19",https://www.instagram.com/stories/ino_moneycoach/3801908060932440111,"IG story",,Lifetime,3519,2772,9,0,29,2,3078,,,3
18070096334576820,17841456723306822,ino_moneycoach,いの🐛お得・ポイント・決済を駆使して月５万円UP✨,"ご参加いただけると嬉しいです🙇‍♀️ ニュースレター",0,"01/02/2026 22:11",https://www.instagram.com/stories/ino_moneycoach/3801722699832760552,"IG story",,Lifetime,3359,2757,4,0,17,2,2965,75,,
18091703228296689,17841456723306822,ino_moneycoach,いの🐛お得・ポイント・決済を駆使して月５万円UP✨,,5,"01/02/2026 19:31",https://www.instagram.com/stories/ino_moneycoach/3801642216163796766,"IG story",,Lifetime,3673,2847,6,0,17,1,3080,,,1
18093123632505299,17841456723306822,ino_moneycoach,いの🐛お得・ポイント・決済を駆使して月５万円UP✨,1月6日まで,0,"01/02/2026 16:20",https://www.instagram.com/stories/ino_moneycoach/3801546318905796273,"IG story",,Lifetime,4233,3182,8,0,35,0,3462,,,4
17912036061268875,17841456723306822,ino_moneycoach,いの🐛お得・ポイント・決済を駆使して月５万円UP✨,,0,"01/02/2026 00:03",https://www.instagram.com/stories/ino_moneycoach/3801054570114899513,"IG story",,Lifetime,2921,2392,3,0,30,0,2706,,15,
18033327062773893,17841456723306822,ino_moneycoach,いの🐛お得・ポイント・決済を駆使して月５万円UP✨,,0,"01/02/2026 00:03",https://www.instagram.com/stories/ino_moneycoach/3801054568042913632,"IG story",,Lifetime,3084,2556,3,1,28,1,2770,,,1
18093911002740384,17841456723306822,ino_moneycoach,いの🐛お得・ポイント・決済を駆使して月５万円UP✨,,0,"01/01/2026 18:24",https://www.instagram.com/stories/ino_moneycoach/3800883779213602698,"IG story",,Lifetime,3309,2454,2,0,6,0,2545,,,
17953005821924851,17841456723306822,ino_moneycoach,いの🐛お得・ポイント・決済を駆使して月５万円UP✨,利用も1/31まで✨,0,"01/01/2026 18:24",https://www.instagram.com/stories/ino_moneycoach/3800883779859546130,"IG story",,Lifetime,3129,2491,2,0,4,0,2425,11,,
18077791556201520,17841456723306822,ino_moneycoach,いの🐛お得・ポイント・決済を駆使して月５万円UP✨,,0,"01/01/2026 18:24",https://www.instagram.com/stories/ino_moneycoach/3800883790764760090,"IG story",,Lifetime,3120,2535,4,0,2,0,2435,4,,
18091673509769666,17841456723306822,ino_moneycoach,いの🐛お得・ポイント・決済を駆使して月５万円UP✨,,0,"01/01/2026 18:24",https://www.instagram.com/stories/ino_moneycoach/3800883779800817549,"IG story",,Lifetime,3253,2598,2,0,5,0,2507,4,,1
18123958333533342,17841456723306822,ino_moneycoach,いの🐛お得・ポイント・決済を駆使して月５万円UP✨,,0,"01/01/2026 18:24",https://www.instagram.com/stories/ino_moneycoach/3800883777795976899,"IG story",,Lifetime,3480,2670,3,0,1,0,2657,,,
17997309602708060,17841456723306822,ino_moneycoach,いの🐛お得・ポイント・決済を駆使して月５万円UP✨,,0,"01/01/2026 18:24",https://www.instagram.com/stories/ino_moneycoach/3800883779649828423,"IG story",,Lifetime,3877,2768,2,0,3,0,2820,,,
17875561653465789,17841456723306822,ino_moneycoach,いの🐛お得・ポイント・決済を駆使して月５万円UP✨,,0,"01/01/2026 18:24",https://www.instagram.com/stories/ino_moneycoach/3800883780631291718,"IG story",,Lifetime,4369,2892,5,0,7,0,2921,,,
18001759925836665,17841456723306822,ino_moneycoach,いの🐛お得・ポイント・決済を駆使して月５万円UP✨,,0,"01/01/2026 18:24",https://www.instagram.com/stories/ino_moneycoach/3800883778500586557,"IG story",,Lifetime,3234,2447,4,0,10,0,2944,,,
17976432494962093,17841456723306822,ino_moneycoach,いの🐛お得・ポイント・決済を駆使して月５万円UP✨,"探せないから
通報できない
😭😭😭",0,"01/01/2026 17:25",https://www.instagram.com/stories/ino_moneycoach/3800854072485144207,"IG story",,Lifetime,3172,2474,4,0,8,0,2823,,,
17868707652432931,17841456723306822,ino_moneycoach,いの🐛お得・ポイント・決済を駆使して月５万円UP✨,,0,"01/01/2026 08:47",https://www.instagram.com/stories/ino_moneycoach/3800593268464568326,"IG story",,Lifetime,2907,2264,4,0,8,51,2703,,,
18058407359326483,17841456723306822,ino_moneycoach,いの🐛お得・ポイント・決済を駆使して月５万円UP✨,,0,"01/01/2026 08:47",https://www.instagram.com/stories/ino_moneycoach/3800593270259722084,"IG story",,Lifetime,2960,2310,4,0,2,3,2721,,,
17842699677670136,17841456723306822,ino_moneycoach,いの🐛お得・ポイント・決済を駆使して月５万円UP✨,,0,"01/01/2026 08:47",https://www.instagram.com/stories/ino_moneycoach/3800593266023499956,"IG story",,Lifetime,2996,2360,4,0,2,1,2749,,,
17980065851791163,17841456723306822,ino_moneycoach,いの🐛お得・ポイント・決済を駆使して月５万円UP✨,,0,"01/01/2026 08:47",https://www.instagram.com/stories/ino_moneycoach/3800593268154191384,"IG story",,Lifetime,3082,2411,4,0,4,0,2888,,,
18107099449591679,17841456723306822,ino_moneycoach,いの🐛お得・ポイント・決済を駆使して月５万円UP✨,,0,"01/01/2026 08:47",https://www.instagram.com/stories/ino_moneycoach/3800593267885765426,"IG story",,Lifetime,3517,2494,5,0,2,0,3301,,,
18067431911422581,17841456723306822,ino_moneycoach,いの🐛お得・ポイント・決済を駆使して月５万円UP✨,"高還元クレカからマイルに交換すると何パーセントマイル還元になる？
今年話題の高還元クレカで計算してみたよ😆 かなりマイル還元率が高いので気になる人が多ければ投稿にもしようかと思います🫡😊",9,"12/22/2025 02:36",https://www.instagram.com/stories/ino_moneycoach/3793158852242977459,"IG story",,Lifetime,2603,2027,7,0,25,2,2201,,,
18051468251404503,17841456723306822,ino_moneycoach,いの🐛お得・ポイント・決済を駆使して月５万円UP✨,"リーベイツ ポイントサイト",0,"01/01/2026 07:13",https://www.instagram.com/stories/ino_moneycoach/3800545976109924706,"IG story",,Lifetime,3693,2734,7,0,13,0,3214,31,,1
17846127819662505,17841456723306822,ino_moneycoach,いの🐛お得・ポイント・決済を駆使して月５万円UP✨,"時間がある時にぜひ
チェックしてみてね✨ みんなお正月ゆっくりしてる？？
いのとぴよたはおせち料理食べすぎました😆

メッセージをくれた方々、どうもありがとうございます😆

2026年初めの投稿は
2026年の重要なイベントにしたよ😊",15,"01/01/2026 03:12",https://www.instagram.com/stories/ino_moneycoach/3800424755246574413,"IG story",,Lifetime,3793,2663,12,0,56,0,3245,,,2
17974867130967105,17841456723306822,ino_moneycoach,いの🐛お得・ポイント・決済を駆使して月５万円UP✨,,0,"12/31/2025 17:20",https://www.instagram.com/stories/ino_moneycoach/3800126686865039415,"IG story",,Lifetime,3748,2768,9,0,24,0,3122,,,
17928496998187608,17841456723306822,ino_moneycoach,いの🐛お得・ポイント・決済を駆使して月５万円UP✨,,0,"12/31/2025 07:08",https://www.instagram.com/stories/ino_moneycoach/3799818910909485998,"IG story",,Lifetime,2305,1998,30,0,13,4,2177,,,1
18095049160919226,17841456723306822,ino_moneycoach,いの🐛お得・ポイント・決済を駆使して月５万円UP✨,,0,"12/31/2025 07:08",https://www.instagram.com/stories/ino_moneycoach/3799818909584104435,"IG story",,Lifetime,2502,2147,34,0,20,4,2365,,,2
17845143249651003,17841456723306822,ino_moneycoach,いの🐛お得・ポイント・決済を駆使して月５万円UP✨,,0,"12/31/2025 00:23",https://www.instagram.com/stories/ino_moneycoach/3799614819381953586,"IG story",,Lifetime,2291,1917,28,0,19,4,2158,,,
18050351729449426,17841456723306822,ino_moneycoach,いの🐛お得・ポイント・決済を駆使して月５万円UP✨,,5,"12/30/2025 19:11",https://www.instagram.com/stories/ino_moneycoach/3799457917171858415,"IG story",,Lifetime,2390,1857,6,0,12,1,2090,49,,
18089543488804397,17841456723306822,ino_moneycoach,いの🐛お得・ポイント・決済を駆使して月５万円UP✨,,0,"12/30/2025 19:11",https://www.instagram.com/stories/ino_moneycoach/3799457925216528347,"IG story",,Lifetime,2303,1946,6,0,9,14,2116,,,
17956842716900889,17841456723306822,ino_moneycoach,いの🐛お得・ポイント・決済を駆使して月５万円UP✨,,29,"12/30/2025 17:29",https://www.instagram.com/stories/ino_moneycoach/3799406662584012416,"IG story",,Lifetime,2241,1998,9,0,10,1,2140,,,
18034271681735628,17841456723306822,ino_moneycoach,いの🐛お得・ポイント・決済を駆使して月５万円UP✨,,0,"12/30/2025 17:27",https://www.instagram.com/stories/ino_moneycoach/3799405289779912394,"IG story",,Lifetime,2555,2181,8,0,17,0,2287,,,
18555192559039833,17841456723306822,ino_moneycoach,いの🐛お得・ポイント・決済を駆使して月５万円UP✨,"今年はどんな年だったか
まとめのリールを作ったよ✨
知っているか見てみてね😊 来年はどんな年になるかな😊",60,"12/30/2025 04:07",https://www.instagram.com/stories/ino_moneycoach/3799003122757671650,"IG story",,Lifetime,2390,2001,5,0,39,0,2229,,,
17931256869171254,17841456723306822,ino_moneycoach,いの🐛お得・ポイント・決済を駆使して月５万円UP✨,,0,"12/29/2025 19:38",https://www.instagram.com/stories/ino_moneycoach/3798746479377655010,"IG story",,Lifetime,3094,2373,5,0,26,0,2598,,,
17937034320174092,17841456723306822,ino_moneycoach,いの🐛お得・ポイント・決済を駆使して月５万円UP✨,,0,"12/29/2025 19:38",https://www.instagram.com/stories/ino_moneycoach/3798746479579027154,"IG story",,Lifetime,3339,2484,3,0,8,0,2597,,,
18038389865719929,17841456723306822,ino_moneycoach,いの🐛お得・ポイント・決済を駆使して月５万円UP✨,,0,"12/29/2025 18:43",https://www.instagram.com/stories/ino_moneycoach/3798719064232359534,"IG story",,Lifetime,2951,2373,7,0,7,1,2549,,,
17973333791978573,17841456723306822,ino_moneycoach,いの🐛お得・ポイント・決済を駆使して月５万円UP✨,,0,"12/29/2025 18:43",https://www.instagram.com/stories/ino_moneycoach/3798719062017738526,"IG story",,Lifetime,3236,2656,11,0,26,0,2796,,,1
17850006414588156,17841456723306822,ino_moneycoach,いの🐛お得・ポイント・決済を駆使して月５万円UP✨,"コードを打ち込むとエラーになる方がおられるみたいです😭🙏
下のコードを再度コピペか入力してみて無理そうなら教えてください🙇‍♀️🙇‍♀️

amTP0y8B2j",0,"12/28/2025 23:34",https://www.instagram.com/stories/ino_moneycoach/3798140716628232185,"IG story",,Lifetime,2684,2202,3,0,10,0,2448,,,
18321598837217064,17841456723306822,ino_moneycoach,いの🐛お得・ポイント・決済を駆使して月５万円UP✨,,0,"12/28/2025 21:50",https://www.instagram.com/stories/ino_moneycoach/3798088514672958194,"IG story",,Lifetime,3205,2444,4,0,3,0,2595,13,,
18116439184601866,17841456723306822,ino_moneycoach,いの🐛お得・ポイント・決済を駆使して月５万円UP✨,,0,"12/28/2025 21:50",https://www.instagram.com/stories/ino_moneycoach/3798088514001844344,"IG story",,Lifetime,3500,2552,5,0,12,1,2728,,,
17882945217429416,17841456723306822,ino_moneycoach,いの🐛お得・ポイント・決済を駆使して月５万円UP✨,,0,"12/28/2025 18:13",https://www.instagram.com/stories/ino_moneycoach/3797978903475269334,"IG story",,Lifetime,3160,2398,4,0,13,0,2727,20,,1
18097596694699903,17841456723306822,ino_moneycoach,いの🐛お得・ポイント・決済を駆使して月５万円UP✨,,0,"12/28/2025 16:34",https://www.instagram.com/stories/ino_moneycoach/3797929102868092923,"IG story",,Lifetime,3138,2444,3,0,17,0,2752,,,1
18305255587249080,17841456723306822,ino_moneycoach,いの🐛お得・ポイント・決済を駆使して月５万円UP✨,,5,"12/28/2025 07:16",https://www.instagram.com/stories/ino_moneycoach/3797648206495627519,"IG story",,Lifetime,2976,2332,6,0,15,1,2471,74,,
18332797564215809,17841456723306822,ino_moneycoach,いの🐛お得・ポイント・決済を駆使して月５万円UP✨,"今日は、2025年の後半に
めちゃくちゃよく見られた
投稿5つを紹介します✨ 年末までのやることをまとめたあの投稿も入っています🫡

投稿を見返していると、今年は
どんな年だったかがよく反映されているなぁと思ったよ😊 ぜひチェックしてみてね✨",15,"12/28/2025 03:31",https://www.instagram.com/stories/ino_moneycoach/3797535023369992942,"IG story",,Lifetime,3054,2319,5,0,28,0,2683,,,
18090620146792449,17841456723306822,ino_moneycoach,いの🐛お得・ポイント・決済を駆使して月５万円UP✨,夏はもっと高いね🥹,0,"12/27/2025 21:05",https://www.instagram.com/stories/ino_moneycoach/3797341130099709632,"IG story",,Lifetime,3713,2915,4,0,11,0,2989,,,
18092956966747040,17841456723306822,ino_moneycoach,いの🐛お得・ポイント・決済を駆使して月５万円UP✨,,0,"12/27/2025 15:53",https://www.instagram.com/stories/ino_moneycoach/3797184150823377550,"IG story",,Lifetime,3046,2609,7,0,4,0,2653,8,,
17858609331575439,17841456723306822,ino_moneycoach,いの🐛お得・ポイント・決済を駆使して月５万円UP✨,,0,"12/27/2025 15:53",https://www.instagram.com/stories/ino_moneycoach/3797184139809173575,"IG story",,Lifetime,2994,2634,6,0,,0,2639,8,,
18081716506930401,17841456723306822,ino_moneycoach,いの🐛お得・ポイント・決済を駆使して月５万円UP✨,,0,"12/27/2025 15:53",https://www.instagram.com/stories/ino_moneycoach/3797184140136319442,"IG story",,Lifetime,3168,2700,5,0,6,0,2783,1,,
17844178626643908,17841456723306822,ino_moneycoach,いの🐛お得・ポイント・決済を駆使して月５万円UP✨,,0,"12/27/2025 15:53",https://www.instagram.com/stories/ino_moneycoach/3797184139742074808,"IG story",,Lifetime,3510,2780,6,0,5,1,3050,,,
18067989095426738,17841456723306822,ino_moneycoach,いの🐛お得・ポイント・決済を駆使して月５万円UP✨,,0,"12/27/2025 15:53",https://www.instagram.com/stories/ino_moneycoach/3797184139129660076,"IG story",,Lifetime,3968,2922,6,0,4,1,3307,,,
18544836721046528,17841456723306822,ino_moneycoach,いの🐛お得・ポイント・決済を駆使して月５万円UP✨,,0,"12/27/2025 15:53",https://www.instagram.com/stories/ino_moneycoach/3797184138936726549,"IG story",,Lifetime,4328,3140,8,0,20,1,3332,,,1
17992936583859955,17841456723306822,ino_moneycoach,いの🐛お得・ポイント・決済を駆使して月５万円UP✨,,0,"12/27/2025 04:29",https://www.instagram.com/stories/ino_moneycoach/3796839590150696395,"IG story",,Lifetime,4105,2800,7,3,7,0,3522,216,,
18086405321045112,17841456723306822,ino_moneycoach,いの🐛お得・ポイント・決済を駆使して月５万円UP✨,,0,"12/27/2025 04:29",https://www.instagram.com/stories/ino_moneycoach/3796839590075227448,"IG story",,Lifetime,4271,3058,12,1,18,1,3361,,,
18103164964685140,17841456723306822,ino_moneycoach,いの🐛お得・ポイント・決済を駆使して月５万円UP✨,,0,"12/26/2025 22:07",https://www.instagram.com/stories/ino_moneycoach/3796647396336920738,"IG story",,Lifetime,3685,2573,8,0,27,1,3202,,,1
18055101134661648,17841456723306822,ino_moneycoach,いの🐛お得・ポイント・決済を駆使して月５万円UP✨,,0,"12/26/2025 18:14",https://www.instagram.com/stories/ino_moneycoach/3796530182451531180,"IG story",,Lifetime,3335,2401,8,0,7,2,2857,,,
17960064860889415,17841456723306822,ino_moneycoach,いの🐛お得・ポイント・決済を駆使して月５万円UP✨,,0,"12/26/2025 18:14",https://www.instagram.com/stories/ino_moneycoach/3796530182451500751,"IG story",,Lifetime,3203,2531,7,0,4,0,2868,,,
18442270489101373,17841456723306822,ino_moneycoach,いの🐛お得・ポイント・決済を駆使して月５万円UP✨,,0,"12/26/2025 18:14",https://www.instagram.com/stories/ino_moneycoach/3796530181327485029,"IG story",,Lifetime,3409,2667,7,0,7,0,3013,,,
18077391203588051,17841456723306822,ino_moneycoach,いの🐛お得・ポイント・決済を駆使して月５万円UP✨,"今年はホテル修行の
年でした🫡",0,"12/26/2025 15:27",https://www.instagram.com/stories/ino_moneycoach/3796446013633469291,"IG story",,Lifetime,3879,2921,7,0,25,1,3101,,,1
18078158909242910,17841456723306822,ino_moneycoach,いの🐛お得・ポイント・決済を駆使して月５万円UP✨,"今日は、アメックスポイントの
出口戦略早見表😊

どんなものに使えるか
図解してみたので
ぜひチェックしてみてね☺️",8,"12/26/2025 04:00",https://www.instagram.com/stories/ino_moneycoach/3796100480402348405,"IG story",,Lifetime,3235,2405,7,0,50,1,2772,,,1
17965353783005837,17841456723306822,ino_moneycoach,いの🐛お得・ポイント・決済を駆使して月５万円UP✨,,0,"12/25/2025 22:31",https://www.instagram.com/stories/ino_moneycoach/3795934427680490319,"IG story",,Lifetime,4178,3192,5,0,17,0,2981,,,2
17942178447097812,17841456723306822,ino_moneycoach,いの🐛お得・ポイント・決済を駆使して月５万円UP✨,"たくさん返信をくださってどうもありがとうございます🙇‍♀️🙇‍♀️🙏 発信については、常に
悩みながらしているので
非常に勉強になります📚 先程全員に返信
できたはずです🙇‍♀️🙇‍♀️
まだ返信がきていない
方はぜひご連絡下さい🙇‍♀️ いつも私たちのアカウントに
ご協力くださり
どうもありがとうございます🙇‍♀️ みんな本当に優しいです😭😭",0,"12/25/2025 15:22",https://www.instagram.com/stories/ino_moneycoach/3795718472849311820,"IG story",,Lifetime,3410,2670,11,0,23,2,3146,,,
17971825706822681,17841456723306822,ino_moneycoach,いの🐛お得・ポイント・決済を駆使して月５万円UP✨,,0,"12/25/2025 14:51",https://www.instagram.com/stories/ino_moneycoach/3795703255000111461,"IG story",,Lifetime,4408,3299,7,0,3,0,3382,57,,
18071547527375831,17841456723306822,ino_moneycoach,いの🐛お得・ポイント・決済を駆使して月５万円UP✨,,0,"12/25/2025 14:51",https://www.instagram.com/stories/ino_moneycoach/3795703256501660586,"IG story",,Lifetime,5085,3423,7,0,10,0,3930,,,
18032183330764601,17841456723306822,ino_moneycoach,いの🐛お得・ポイント・決済を駆使して月５万円UP✨,"CLUB A ゴールド",0,"12/25/2025 14:51",https://www.instagram.com/stories/ino_moneycoach/3795703255008525506,"IG story",,Lifetime,5761,3948,12,0,30,1,3937,,,
18068687021626189,17841456723306822,ino_moneycoach,いの🐛お得・ポイント・決済を駆使して月５万円UP✨,"マリオットのプラチナ
チャレンジやろうとしている人朗報✨ 京都の宿が安くなっていると聞いて調べたら16泊この値段で泊まれる🫢 観光にも場所は悪くないね✨",5,"12/24/2025 23:23",https://www.instagram.com/stories/ino_moneycoach/3795235824381083286,"IG story",,Lifetime,4389,3001,13,0,10,2,3233,,,
17861992659557063,17841456723306822,ino_moneycoach,いの🐛お得・ポイント・決済を駆使して月５万円UP✨,"このリールがめちゃくちゃ伸びているのですが、
もしよければ理由を教えてください🙇‍♀️ どなたか✨🥹 作っている自分たちは
どうしてあれはダメでこれは良かったのかとか、色々わからないことが多いのが現在の状況です🥹 次回の投稿の参考に
させていただきます🙇‍♀️",7,"12/24/2025 19:43",https://www.instagram.com/stories/ino_moneycoach/3795125188833751238,"IG story",,Lifetime,4132,2667,4,0,37,2,3379,,,1
18107957443651111,17841456723306822,ino_moneycoach,いの🐛お得・ポイント・決済を駆使して月５万円UP✨,"移動でバタバタしていたら
クレあるさんがこんなことになってる😭😭😭 こういうのを見ると
使うの怖くなる😭😭😭",0,"12/24/2025 18:26",https://www.instagram.com/stories/ino_moneycoach/3795086651207894875,"IG story",,Lifetime,4493,2749,6,0,10,3,3216,,1351,
17853834369598463,17841456723306822,ino_moneycoach,いの🐛お得・ポイント・決済を駆使して月５万円UP✨,"昨日の夜金沢から
帰ってきました🫡 ANAはクリスマス仕様でした🥰 みなさま良いクリスマスをお過ごしください🎅🧑‍🎄🤶",5,"12/24/2025 17:16",https://www.instagram.com/stories/ino_moneycoach/3795051416093094768,"IG story",,Lifetime,3440,2776,9,0,24,0,2938,,,
17863736382468445,17841456723306822,ino_moneycoach,いの🐛お得・ポイント・決済を駆使して月５万円UP✨,"お待たせしました😊 今日の投稿は
お昼にもお伝えした アップル製品をお得に
買う方法だよ😊 購入予定の人はぜひ
チェックしてみてね✨",15,"12/24/2025 03:51",https://www.instagram.com/stories/ino_moneycoach/3794646373548319328,"IG story",,Lifetime,3366,2401,7,1,35,0,2868,,,1
17902106031344323,17841456723306822,ino_moneycoach,いの🐛お得・ポイント・決済を駆使して月５万円UP✨,,0,"12/23/2025 20:04",https://www.instagram.com/stories/ino_moneycoach/3794411299653435466,"IG story",,Lifetime,3533,2580,12,1,17,0,2977,,,
17923068843212049,17841456723306822,ino_moneycoach,いの🐛お得・ポイント・決済を駆使して月５万円UP✨,,0,"12/23/2025 20:04",https://www.instagram.com/stories/ino_moneycoach/3794411296591635028,"IG story",,Lifetime,3442,2739,2,2,8,1,2889,,,
17905527252302091,17841456723306822,ino_moneycoach,いの🐛お得・ポイント・決済を駆使して月５万円UP✨,,0,"12/23/2025 15:11",https://www.instagram.com/stories/ino_moneycoach/3794263769271677364,"IG story",,Lifetime,2944,2322,25,0,7,4,2709,,,
18094616465498473,17841456723306822,ino_moneycoach,いの🐛お得・ポイント・決済を駆使して月５万円UP✨,,0,"12/23/2025 15:11",https://www.instagram.com/stories/ino_moneycoach/3794263774556494394,"IG story",,Lifetime,2998,2360,11,0,2,1,2635,,,
18068541956127059,17841456723306822,ino_moneycoach,いの🐛お得・ポイント・決済を駆使して月５万円UP✨,,0,"12/23/2025 15:11",https://www.instagram.com/stories/ino_moneycoach/3794263771930852514,"IG story",,Lifetime,3300,2454,12,0,2,1,3026,,,
17959201533033895,17841456723306822,ino_moneycoach,いの🐛お得・ポイント・決済を駆使して月５万円UP✨,,0,"12/23/2025 15:11",https://www.instagram.com/stories/ino_moneycoach/3794263774598427725,"IG story",,Lifetime,3421,2573,14,2,8,0,2718,,,1
17913459423258632,17841456723306822,ino_moneycoach,いの🐛お得・ポイント・決済を駆使して月５万円UP✨,"メリークリスマス🎁🎄 皆さんにとって
12月24日も25日も楽しい
クリスマスになりますように✨",6,"12/23/2025 14:10",https://www.instagram.com/stories/ino_moneycoach/3794232692213753091,"IG story",,Lifetime,2978,2552,8,0,32,0,2523,,,2
18544889995042464,17841456723306822,ino_moneycoach,いの🐛お得・ポイント・決済を駆使して月５万円UP✨,"しかも年末まで
仕事の人31%
いるんですけど😎😎
 ちょっと待って
365日仕事の人
12%もいるで🥹 みなさま大変
お疲れ様です🙇‍♀️🙇‍♀️ よく考えたらお母さんとお父さんは365日仕事と同じやな😭😭
少しでもゆっくり休めることを願っています🥹 いのとぴよたも年末年始も力を抜かず
よい発信ができるように頑張ります🥹🥹🥹",0,"12/22/2025 21:43",https://www.instagram.com/stories/ino_moneycoach/3793736072317539842,"IG story",,Lifetime,2207,1791,4,0,8,0,1893,,,
18066717794166170,17841456723306822,ino_moneycoach,いの🐛お得・ポイント・決済を駆使して月５万円UP✨,"いのの会社は
いつまで仕事か確認
してみよう️🧐",8,"12/22/2025 19:34",https://www.instagram.com/stories/ino_moneycoach/3793671274909308996,"IG story",,Lifetime,2005,1657,2,0,3,0,1804,,,
18091907254743750,17841456723306822,ino_moneycoach,いの🐛お得・ポイント・決済を駆使して月５万円UP✨,,5,"12/22/2025 19:21",https://www.instagram.com/stories/ino_moneycoach/3793664514026788269,"IG story",,Lifetime,2274,1828,2,0,2,0,1841,16,,
17867031723518858,17841456723306822,ino_moneycoach,いの🐛お得・ポイント・決済を駆使して月５万円UP✨,,5,"12/22/2025 16:34",https://www.instagram.com/stories/ino_moneycoach/3793580757567557616,"IG story",,Lifetime,2346,1852,2,0,7,0,1933,,,
17971924790821965,17841456723306822,ino_moneycoach,いの🐛お得・ポイント・決済を駆使して月５万円UP✨,,0,"12/22/2025 15:03",https://www.instagram.com/stories/ino_moneycoach/3793534799454629661,"IG story",,Lifetime,2427,1930,2,0,5,0,2057,4,,
18106750975647877,17841456723306822,ino_moneycoach,いの🐛お得・ポイント・決済を駆使して月５万円UP✨,,0,"12/22/2025 15:03",https://www.instagram.com/stories/ino_moneycoach/3793534799890869482,"IG story",,Lifetime,2326,1852,3,0,5,0,2113,,,
18140336053460901,17841456723306822,ino_moneycoach,いの🐛お得・ポイント・決済を駆使して月５万円UP✨,,0,"12/22/2025 15:03",https://www.instagram.com/stories/ino_moneycoach/3793534800251579127,"IG story",,Lifetime,2495,2025,5,1,12,0,2200,,,
